Node1,Node2,Weight
0,1497,42
0,594,177
0,1081,164
0,497,164
1,570,173
1,332,132
2,512,7
2,747,69
2,48,77
2,68,140
3,920,22
3,972,52
3,586,42
3,1455,30
3,1430,95
4,1440,13
4,1488,96
4,490,142
5,1178,14
5,164,85
5,1390,162
5,1297,73
5,855,1
6,1435,198
6,443,156
6,753,142
6,445,127
6,1181,46
6,388,122
6,819,55
6,470,109
7,175,49
7,920,191
7,797,18
8,967,130
8,922,4
8,1478,18
8,1208,136
8,1243,107
8,890,86
9,108,135
9,361,13
9,518,137
9,1122,179
10,457,88
10,1141,153
10,601,76
10,800,76
10,566,193
10,1216,1
10,1107,81
10,1309,55
10,918,158
11,822,142
11,989,99
12,959,137
12,1306,32
12,408,112
12,1069,65
12,1155,4
12,244,90
12,50,15
13,345,184
13,1441,107
14,314,60
14,492,105
14,425,188
14,1380,127
14,526,80
14,798,128
15,638,39
15,1189,49
15,101,175
16,1168,87
16,1474,147
16,1144,103
16,786,197
17,1043,41
17,935,30
17,1029,21
17,33,14
18,1102,171
18,954,162
18,1257,1
18,415,95
18,985,22
18,123,55
18,234,150
19,1183,142
19,416,151
19,659,41
19,1156,8
19,578,54
19,344,24
19,35,194
19,92,79
20,1033,187
20,1427,143
20,254,19
20,1223,108
20,1338,76
21,1136,157
21,947,149
22,1329,102
22,609,169
23,793,117
23,376,83
23,1283,135
23,843,177
23,860,111
23,285,162
24,579,139
24,44,70
24,109,25
25,1066,85
25,665,99
25,190,142
25,1251,14
25,1000,36
25,357,61
26,662,37
26,234,121
27,435,125
27,276,185
27,598,166
27,393,37
27,1314,89
28,660,8
28,701,168
28,1301,141
28,182,98
28,1202,1
28,218,88
29,1041,91
29,1266,134
29,1315,21
29,1263,3
30,338,98
30,1026,122
30,132,68
30,707,142
31,1374,71
31,1195,194
31,728,7
31,1170,143
31,1348,65
31,1360,128
32,1085,96
32,1345,152
32,605,41
32,546,172
32,1230,162
32,239,2
32,291,83
32,895,96
32,1035,46
33,420,12
33,399,150
33,638,68
33,810,26
34,684,21
34,373,90
35,762,49
35,897,98
35,689,16
35,1131,148
35,877,40
36,1241,123
36,532,56
36,1247,29
36,1325,123
37,834,21
37,86,54
37,283,169
37,1232,125
37,1233,135
37,788,105
37,106,17
38,614,6
38,1156,197
39,461,59
39,279,181
39,999,103
39,918,67
39,475,99
39,221,191
40,934,90
40,1098,155
40,153,130
40,716,32
40,218,74
41,407,74
41,174,18
41,1312,19
41,594,154
41,784,10
42,1347,9
42,838,2
42,1439,82
43,574,59
43,1231,50
43,1372,97
43,1333,148
43,1287,127
43,48,89
43,1268,163
44,727,15
44,859,58
44,787,29
44,734,11
44,1311,179
45,1042,104
45,443,69
45,1207,15
45,310,38
45,1279,62
45,561,183
46,1381,83
46,473,36
46,979,50
46,787,118
46,242,198
47,875,17
47,1454,74
47,852,64
47,1259,17
47,87,18
48,365,178
49,1053,168
49,357,152
49,1023,133
50,211,180
50,285,113
50,109,165
50,921,112
50,503,170
50,858,80
51,465,186
51,964,124
51,304,146
51,1103,44
51,798,30
51,732,119
51,1352,43
51,1197,176
51,413,184
52,775,58
52,1446,38
52,1057,91
52,880,91
52,404,155
52,722,200
53,1207,146
53,1285,63
53,310,132
53,1050,60
53,398,53
53,460,33
54,1431,107
54,168,54
54,949,20
55,73,67
55,274,180
56,208,147
56,641,168
56,1019,139
57,930,77
57,658,154
57,1076,113
57,292,169
58,615,23
58,1091,13
59,472,79
59,855,32
59,218,14
59,840,187
59,437,181
60,284,4
60,1389,200
60,686,127
61,255,74
61,1303,47
61,1001,24
61,720,169
61,1387,92
61,253,147
61,955,3
61,229,198
62,596,77
62,1017,17
62,1040,53
62,228,133
62,405,41
62,876,180
62,946,65
63,118,114
63,607,27
63,1303,180
63,95,110
63,687,71
63,1037,176
63,591,56
63,599,161
63,538,51
63,1103,10
63,235,122
63,1150,163
64,1399,15
64,847,50
64,1355,185
65,966,89
65,500,88
65,1334,144
65,319,46
65,783,171
65,95,68
65,989,54
65,305,182
66,520,171
66,838,84
66,1233,106
66,1039,3
66,1089,58
67,686,26
68,826,4
68,1353,168
68,1413,187
68,875,154
68,498,159
69,1205,4
69,519,188
69,973,179
69,138,192
70,105,4
70,795,62
70,1028,115
70,1148,32
70,477,18
71,147,22
71,257,4
71,1246,62
71,345,96
71,529,36
72,1393,59
72,1300,123
72,461,116
72,608,1
73,998,88
73,983,169
73,256,110
74,848,10
74,611,171
75,856,131
75,226,88
75,536,196
75,453,166
75,1499,173
75,1287,165
75,1272,70
75,93,140
76,1498,162
76,694,127
76,787,98
77,1094,60
77,1431,134
77,1026,129
77,1366,190
77,1226,177
78,491,196
78,847,52
78,1009,146
78,864,79
78,1440,46
78,872,138
79,93,190
79,499,64
79,914,36
80,555,185
80,973,38
80,1388,121
80,259,111
80,451,38
80,744,68
80,605,112
80,325,179
81,1484,128
81,708,86
81,189,68
82,552,123
82,653,182
82,1458,181
82,749,176
82,920,102
83,387,160
83,1133,195
83,341,86
83,978,184
84,252,78
84,999,54
84,472,66
84,332,109
85,578,94
85,931,196
85,131,180
85,361,22
86,1057,70
86,964,157
86,641,47
87,422,49
87,1422,58
87,1465,155
88,115,135
88,216,138
89,609,152
89,657,104
89,360,149
90,684,165
90,480,111
90,408,36
91,692,134
91,1153,37
91,1210,200
92,700,147
92,973,134
92,708,31
92,457,142
92,1242,90
93,330,143
93,364,179
93,141,8
93,1413,166
93,284,22
93,394,15
94,97,75
94,1014,83
94,139,75
95,1480,58
95,574,5
95,1212,49
95,357,98
95,128,45
95,1000,34
96,135,59
96,993,88
97,189,96
97,1151,124
97,226,113
97,684,32
98,1163,172
98,1093,132
98,902,76
98,1481,157
98,1362,100
99,647,92
99,1197,144
99,512,122
99,938,7
99,887,65
99,1024,115
99,151,27
99,926,82
100,353,134
100,1292,60
100,102,133
100,510,54
101,956,121
101,1098,78
101,307,77
101,1081,104
102,1124,48
102,1136,14
103,576,26
103,928,5
103,1237,34
103,1017,51
104,746,48
104,635,40
104,661,151
104,435,27
104,1463,149
104,1120,135
105,1060,91
106,1039,6
106,162,88
106,221,107
107,920,153
107,1272,125
107,1290,9
108,1069,70
108,1453,19
108,1099,11
109,173,45
109,860,105
109,168,4
109,113,178
109,1123,185
110,568,106
110,395,9
111,373,167
111,130,51
111,1466,159
111,230,191
111,1317,139
112,940,193
112,210,44
112,952,71
113,722,101
113,1175,2
113,745,57
113,379,26
113,486,53
114,616,98
114,1143,100
114,537,57
114,1141,163
114,394,66
115,1100,28
115,897,72
115,1429,130
115,362,118
115,1281,186
115,1437,3
115,1209,23
115,810,128
115,1227,53
116,843,171
116,174,8
116,206,98
116,1030,44
116,1359,3
116,542,184
116,1317,78
116,124,73
117,545,39
117,772,142
117,763,134
117,1269,44
117,1094,121
118,1242,145
118,275,68
118,289,131
118,791,169
119,573,32
119,981,132
119,994,170
119,142,78
119,184,73
119,224,79
119,141,141
120,297,17
120,288,113
120,440,92
120,1497,173
121,1411,129
121,1186,166
121,1251,28
121,510,165
121,1296,192
122,523,104
122,453,3
122,1028,50
122,467,130
122,1250,193
122,463,78
122,1085,157
122,674,110
122,236,130
122,844,13
122,1383,138
122,959,110
123,498,8
123,672,188
124,161,34
124,242,124
124,736,95
124,239,44
124,1404,79
124,990,26
125,1095,153
125,770,97
125,776,96
125,945,139
125,554,104
126,731,180
126,1258,57
127,519,174
127,719,75
128,200,129
128,790,84
128,1118,79
128,538,45
128,754,47
129,899,66
129,1287,49
129,621,112
129,1324,155
129,765,153
130,185,44
130,1236,128
130,177,64
130,1218,42
131,505,66
131,253,153
131,1280,1
131,349,135
131,678,151
131,1004,86
131,915,119
132,219,7
132,367,63
132,888,181
132,1389,192
132,242,25
133,1473,60
133,1336,54
133,543,118
133,1021,112
134,341,76
134,505,100
134,807,123
134,309,118
135,626,101
135,866,198
135,1097,53
135,549,127
135,791,135
136,569,174
136,253,162
136,1168,172
136,453,107
136,747,198
136,894,150
136,1447,6
137,897,191
137,173,33
137,1160,197
138,229,187
138,543,25
138,1366,119
138,1323,182
139,1122,46
139,970,108
139,616,179
139,1064,97
139,1009,188
139,1290,200
140,1172,190
140,586,172
141,1339,126
141,1270,152
141,1030,46
141,369,169
141,1079,93
141,958,14
142,473,57
142,367,148
142,1464,18
143,952,66
144,840,35
144,1300,130
144,1083,119
144,954,183
144,1095,16
145,468,20
145,1116,189
145,1023,181
145,1224,38
145,1137,103
145,1149,114
146,1289,71
146,525,135
146,1362,199
146,398,150
146,380,169
146,217,23
147,666,131
147,187,83
147,1117,98
148,1397,193
148,400,120
148,1160,165
148,288,100
148,1487,104
148,1289,153
149,882,11
149,257,188
150,741,118
150,1157,198
150,559,162
151,1029,149
151,907,174
151,1141,150
152,1044,136
152,1370,152
152,1265,130
152,573,33
152,426,153
153,1439,172
154,1251,172
155,774,128
155,919,105
155,166,60
155,522,75
155,1319,43
155,1198,18
156,544,167
156,357,46
156,895,3
156,617,41
156,1073,21
157,768,27
157,1111,145
157,679,125
157,671,114
157,184,69
157,161,110
157,1124,100
157,952,162
157,1375,99
158,233,177
158,538,100
158,334,68
159,840,3
159,306,169
160,977,20
160,493,105
161,615,89
161,1411,170
161,344,180
162,1411,44
162,439,193
162,1140,45
162,1061,155
162,813,132
162,548,12
162,692,113
163,440,32
163,1045,98
163,726,5
163,1087,161
163,1221,48
164,231,110
164,1470,52
164,879,172
164,1418,132
164,777,88
165,194,131
165,1437,84
165,1052,11
165,555,68
165,240,175
165,583,69
166,1104,41
166,781,145
166,243,198
166,282,6
167,402,135
167,487,194
167,444,59
167,1079,106
167,704,176
167,675,110
168,191,185
168,1445,55
168,210,5
168,987,189
168,206,97
168,426,70
168,514,73
169,674,35
169,490,156
169,326,72
169,1148,113
169,1381,163
170,1392,72
170,276,196
170,1173,117
170,229,10
170,1146,176
171,1232,103
171,1378,14
171,951,42
172,715,164
172,556,178
172,1109,108
172,1201,61
172,1035,2
172,910,50
172,918,87
173,241,100
173,448,15
173,653,182
174,1044,170
174,306,157
174,446,56
175,789,78
175,890,99
175,301,40
175,1455,17
176,358,143
176,1200,63
176,403,131
176,1434,100
176,853,188
176,229,193
177,440,126
177,392,117
178,1177,175
178,390,135
178,946,123
179,780,5
179,449,30
179,1499,102
179,511,79
179,991,185
179,300,30
180,267,23
180,534,105
180,705,188
180,1082,93
181,432,60
181,1083,160
181,843,30
181,423,70
181,1081,77
181,1049,13
181,453,123
182,196,187
182,726,117
182,334,17
182,597,181
182,584,180
183,700,166
183,1318,104
183,839,104
183,948,21
184,873,112
184,995,19
184,1152,173
184,932,156
185,1441,2
185,770,120
185,1035,15
186,970,45
186,566,124
186,1368,178
186,745,76
187,342,91
187,1480,18
187,1445,71
188,1496,131
188,813,15
189,971,145
189,1487,22
189,1004,149
189,743,55
189,645,96
189,958,70
190,325,187
190,1213,19
190,1450,88
190,1493,134
191,345,179
191,754,190
192,299,90
192,287,53
192,1007,172
193,1405,55
193,1060,103
194,612,40
195,600,193
195,830,26
195,1257,162
196,455,118
196,1408,135
196,295,181
197,769,163
197,923,31
197,401,82
198,343,70
198,1351,16
198,247,108
198,1205,115
198,644,64
198,686,166
199,1066,16
199,531,22
199,248,107
199,1463,77
200,626,30
200,1124,79
201,1187,157
201,801,35
201,1233,6
201,860,115
202,584,67
202,1124,14
202,827,142
202,305,1
202,1032,130
202,1025,97
203,261,158
203,1050,15
203,665,83
203,1423,136
204,519,74
204,1263,60
204,918,161
204,896,125
205,1146,29
205,960,4
205,478,46
206,1174,78
206,460,56
206,689,31
207,349,27
207,1153,166
207,1297,48
208,448,54
208,322,115
208,658,142
208,325,14
208,1092,9
208,773,92
209,303,12
209,274,196
210,1129,9
211,1277,127
211,893,88
211,675,3
211,384,90
212,450,114
212,404,1
213,801,168
213,1390,6
213,1464,142
214,1209,178
214,833,10
214,1050,90
214,320,91
214,971,47
215,539,73
215,1084,191
215,519,132
215,1403,36
215,327,155
215,768,33
215,462,44
215,492,125
216,428,197
216,289,157
216,877,85
216,1455,180
216,966,151
216,376,75
217,918,29
217,1180,116
217,1197,174
218,364,72
218,728,139
218,687,145
219,561,140
219,986,189
220,1032,102
220,1023,8
220,1287,116
220,1138,27
220,380,195
220,348,162
220,1458,58
221,627,70
221,786,102
221,1096,10
221,1002,51
221,692,114
221,1257,41
221,1171,51
221,1362,119
222,1180,82
222,1258,140
222,1196,66
222,1103,174
223,481,154
223,1267,163
223,232,83
223,769,139
224,785,190
224,1061,146
224,444,69
224,978,151
224,369,147
225,1460,195
225,576,162
225,1018,194
226,969,80
227,1160,85
227,566,37
228,651,27
228,1439,136
228,1079,46
229,410,128
229,739,123
229,768,166
229,427,157
229,426,15
229,856,122
229,560,9
229,776,122
229,1151,123
230,1396,90
230,1491,49
231,1433,131
231,546,161
231,1129,14
231,274,31
232,1091,109
232,268,130
232,874,63
233,1396,165
233,649,95
234,504,44
234,1231,185
234,728,157
234,1176,108
234,569,192
235,774,56
235,1460,123
235,322,140
235,1277,72
235,501,53
235,665,92
235,890,161
236,1170,4
236,938,76
236,517,167
236,1039,161
236,609,69
237,406,33
237,897,160
237,913,16
237,1473,146
238,1376,36
238,884,78
238,773,126
239,620,128
239,794,87
239,1236,102
239,846,10
240,799,24
240,1022,15
240,950,166
240,726,116
241,277,154
242,1103,78
243,1031,200
243,343,61
243,1005,72
243,997,93
243,391,106
243,697,44
243,525,127
244,900,44
244,478,121
244,273,176
244,323,148
244,984,133
244,1497,2
245,566,62
245,1489,123
245,1339,110
245,882,40
245,299,17
245,542,38
245,1182,197
245,1114,25
245,1176,75
246,1236,46
246,609,57
246,957,110
246,783,48
247,560,160
247,767,50
247,1430,179
248,1341,122
248,1390,125
248,1443,46
248,1401,124
249,782,152
249,1033,12
249,1392,19
249,858,137
249,1334,156
250,688,72
250,352,2
250,678,176
250,483,10
250,539,19
251,1055,190
251,468,83
251,610,131
251,281,151
251,1270,13
251,1282,136
252,962,13
252,1355,21
252,1374,136
252,719,81
252,498,65
252,1413,61
252,942,177
252,504,186
253,589,121
253,311,182
253,866,53
254,405,21
254,356,193
254,1061,60
254,572,21
254,793,88
255,1055,114
255,618,114
255,594,143
256,943,78
256,478,154
256,1001,77
257,516,4
257,698,94
257,614,198
257,462,70
258,1480,9
258,296,149
258,1419,130
259,344,131
259,1395,3
259,1355,64
259,446,150
259,696,109
259,1093,11
259,1160,157
260,537,78
260,360,139
260,1096,145
260,399,139
260,430,33
260,958,170
261,1109,17
261,288,109
261,478,47
261,569,111
262,651,100
262,712,60
262,598,109
262,1156,41
263,441,75
263,981,50
263,1002,152
263,1309,104
263,884,180
263,911,178
263,834,97
264,541,5
264,265,45
264,1469,3
264,1212,3
264,695,188
264,1205,63
264,523,114
264,874,148
265,287,188
265,1304,111
265,1289,28
265,272,145
266,411,168
266,1434,164
266,495,164
266,422,189
267,368,134
267,553,57
267,1077,64
267,939,156
267,466,104
268,1115,180
268,427,146
268,766,10
268,1001,113
269,373,192
269,804,34
269,850,58
269,317,198
269,430,75
270,388,151
271,780,197
271,901,148
271,337,13
272,634,6
272,458,164
273,444,68
273,983,198
274,884,103
274,339,74
274,1092,45
274,970,109
274,312,22
274,848,161
275,579,106
275,735,145
275,1341,18
275,1186,162
275,567,86
276,705,101
277,674,55
277,568,146
277,1332,55
277,826,69
277,1208,73
278,574,46
278,697,184
279,1441,72
279,651,80
279,1017,64
279,521,8
279,878,119
280,689,129
280,623,151
280,1136,159
281,1162,144
281,1473,175
281,1058,86
281,1477,6
282,1144,37
282,1234,140
282,412,170
282,1238,37
282,675,191
283,288,167
283,640,167
283,1092,106
283,362,10
283,545,139
283,772,51
283,1378,157
283,605,89
283,1263,142
284,313,117
285,1476,41
285,1025,148
285,810,110
285,342,159
285,454,142
285,293,134
285,1446,14
286,686,18
286,1105,135
287,1056,115
288,1411,91
288,992,25
288,1333,13
288,872,109
289,810,98
289,1001,1
290,876,96
290,1360,85
290,359,56
291,607,182
291,868,3
291,1491,161
291,1065,66
292,1305,68
292,986,95
292,1483,117
292,386,181
292,612,163
292,1109,90
292,1316,123
293,872,185
293,1066,148
293,782,67
293,1081,173
293,1223,90
293,609,64
293,1485,20
294,1247,130
294,732,54
294,1491,161
294,1237,62
294,329,116
295,608,69
295,1356,157
295,1247,147
295,1483,131
296,316,94
297,1341,40
297,1147,185
298,1190,24
298,795,150
298,898,20
298,1173,55
299,1254,30
299,544,59
300,1422,147
300,1408,183
301,626,170
301,354,65
301,743,188
301,1466,22
301,555,145
302,560,80
302,771,141
302,1140,141
303,953,5
303,1377,138
303,1319,17
303,1407,158
303,1485,119
303,667,182
304,1165,108
304,1275,40
304,788,148
304,852,35
304,1270,30
305,667,122
305,630,31
305,966,182
305,514,171
305,1348,102
305,1048,138
305,317,7
306,618,142
306,392,158
306,888,141
306,1132,112
306,730,154
306,1360,179
307,1223,37
307,1123,113
308,625,130
308,929,49
309,633,70
309,949,191
309,1017,176
309,1389,100
309,909,20
309,1434,186
310,562,118
310,1122,48
310,1491,140
310,1303,19
310,1198,138
311,1282,175
311,997,100
311,1317,81
311,680,181
311,494,4
311,1104,142
311,828,9
311,1217,161
311,1240,37
312,315,27
312,1485,163
312,1408,19
313,1412,180
313,1328,30
313,1053,146
313,317,84
314,1065,181
314,1238,45
314,968,166
314,1445,153
315,873,147
315,411,194
315,497,151
316,593,32
316,383,166
316,749,168
317,581,84
317,643,170
317,687,89
318,346,43
318,918,172
318,1236,90
318,326,101
319,906,123
319,1050,20
319,1315,83
319,524,74
320,1047,42
320,1484,50
320,1096,74
320,1245,96
321,929,45
321,1491,160
321,1244,2
321,344,5
321,602,1
322,1076,101
322,1050,186
322,445,91
323,1131,114
323,607,142
323,971,120
323,494,95
323,707,156
324,788,30
324,841,66
324,1216,150
324,406,43
325,598,168
325,406,7
325,1170,73
325,720,72
325,763,27
325,544,182
326,1271,58
326,986,59
327,812,5
327,1189,4
327,1190,176
327,780,105
328,1270,78
328,1017,124
328,1368,111
328,776,129
329,442,4
329,1129,198
329,491,56
329,669,181
329,703,109
329,1083,187
329,697,21
330,1420,43
330,1421,126
331,595,199
331,987,2
331,1165,50
331,795,166
332,836,24
332,669,57
332,745,116
332,1480,122
332,1060,2
332,1046,175
333,913,46
333,749,119
333,1377,47
333,447,123
334,398,15
334,1325,106
335,1201,70
335,1449,193
335,448,126
335,485,103
335,1435,179
336,825,6
336,982,110
337,993,191
337,592,45
337,1271,97
337,1284,163
337,1221,157
337,1473,31
337,1252,124
338,1450,37
338,719,190
338,398,165
339,1041,169
339,637,19
340,805,17
340,443,161
340,513,38
340,373,11
340,808,165
340,1131,10
340,793,75
340,1457,84
340,576,99
341,522,53
341,430,103
341,1256,86
341,1030,160
341,1418,116
342,914,78
342,1309,14
342,1310,160
342,876,19
343,548,115
343,522,35
343,1184,60
343,731,78
343,564,26
343,514,173
344,1107,167
344,918,19
344,697,184
344,1004,95
344,1133,177
345,770,28
345,785,29
345,1206,36
345,934,114
346,1197,129
346,659,32
347,582,42
347,1416,178
347,584,10
347,808,65
347,1275,118
348,540,37
348,1178,65
348,553,9
348,815,91
349,477,190
349,778,125
349,442,34
350,1127,26
350,789,22
350,1353,178
350,1053,154
350,1044,124
350,393,12
351,681,181
351,749,4
351,835,195
351,423,128
351,1152,126
351,1355,101
352,1451,90
352,899,33
353,834,161
353,541,9
353,643,180
353,1059,48
354,852,90
354,1161,152
354,1059,169
354,810,191
355,1283,123
355,1145,15
355,798,107
355,919,122
355,371,47
355,1481,185
355,1215,177
355,558,90
355,1490,169
356,1308,145
356,1021,159
357,744,177
357,604,16
357,1041,92
357,1384,77
357,576,86
357,437,46
358,1226,68
359,1295,35
359,772,120
359,542,171
359,620,78
359,1093,124
360,702,200
360,951,163
360,1250,167
360,582,53
360,405,55
360,645,39
360,639,164
360,1462,26
360,834,30
361,764,88
361,1366,157
361,951,175
362,447,46
362,950,128
362,1001,176
362,1172,182
362,702,31
363,1082,164
363,663,124
363,1214,60
363,995,188
364,1200,2
365,1214,10
365,1205,197
365,632,164
365,1213,92
365,1123,42
365,946,125
366,1372,71
366,391,69
366,1176,100
366,1154,67
366,956,34
366,1206,8
366,562,98
366,967,96
366,487,169
368,695,23
368,489,104
368,662,165
369,403,55
369,1479,126
369,1024,62
369,834,198
369,761,126
370,563,81
370,386,73
370,1203,73
370,614,95
370,579,149
370,481,48
371,1187,15
371,1132,166
371,630,58
371,1220,145
371,439,126
371,1150,198
372,1134,156
372,1238,143
372,489,102
372,490,44
373,980,165
373,734,97
373,495,132
373,937,158
373,770,54
374,532,180
374,458,58
374,1384,52
375,1138,46
375,1052,180
375,1256,65
375,1284,175
375,748,170
375,831,142
375,1378,79
376,1338,163
376,506,127
376,609,159
376,1286,174
377,570,136
377,916,53
377,1247,3
377,1485,76
378,817,106
378,1449,70
378,1275,9
378,704,132
378,1474,120
378,699,113
379,1264,27
379,415,182
379,1355,115
379,1243,47
379,718,6
379,721,131
380,867,29
380,484,51
380,691,181
381,558,71
381,1354,183
381,1121,71
381,1042,141
382,1110,128
382,1348,73
382,1475,65
382,1493,47
382,1489,88
383,700,131
383,1395,100
384,414,158
384,1377,131
384,990,139
384,1492,124
385,1204,29
385,1473,95
385,1491,152
385,729,72
385,718,37
385,924,150
386,725,133
386,1073,76
386,1474,96
386,1272,13
386,647,151
386,736,33
386,656,187
386,1017,158
387,553,75
387,1274,47
387,924,50
388,849,168
388,1175,129
388,1158,171
388,1353,19
389,1463,33
389,1155,200
389,1042,119
389,1186,112
389,1193,163
390,594,109
391,1482,103
392,1121,9
392,1472,155
392,970,30
392,407,172
392,701,159
392,1358,4
393,735,101
393,657,48
393,1073,5
394,715,198
394,1319,15
394,1011,193
395,1184,105
395,628,82
395,1426,7
395,967,126
396,1161,55
396,1074,31
396,817,76
396,1241,118
396,1098,44
397,1490,9
397,833,103
397,1181,78
398,697,108
398,444,103
398,1262,189
398,1248,25
398,511,179
398,901,93
399,1203,37
399,993,185
399,536,99
400,1313,181
400,959,4
400,1123,155
400,1302,114
401,1310,140
401,1040,133
401,1453,16
402,750,63
402,1385,18
402,852,51
403,844,116
403,616,99
404,1040,92
404,918,111
404,1017,66
404,982,167
405,783,191
406,1426,23
406,860,104
406,650,65
407,1431,63
408,1328,5
408,1247,108
408,930,143
409,820,125
409,601,158
409,1460,89
410,494,158
410,458,158
411,1210,96
411,754,27
411,1177,179
412,1087,189
412,1397,187
413,534,114
413,1140,90
413,1346,34
414,452,188
414,1434,32
414,994,53
414,769,66
415,1402,72
415,1197,101
415,600,198
415,974,181
416,684,46
416,1132,122
416,1234,183
417,1267,23
417,531,135
417,1066,23
418,1395,4
419,1243,168
419,1336,117
420,1176,179
420,865,145
421,1266,24
421,1309,72
421,470,168
421,446,3
422,681,3
422,474,200
422,963,83
423,824,171
423,1160,47
423,1240,157
423,891,135
423,977,83
423,1079,8
424,1046,88
424,894,142
425,473,64
425,1366,33
425,1379,148
425,547,167
425,653,14
425,958,187
425,545,189
426,431,142
426,500,82
426,1495,73
426,1024,99
427,1198,139
427,631,31
428,593,128
428,837,27
428,1411,184
429,1336,77
429,1390,179
429,1230,98
429,497,9
429,936,160
430,535,87
430,655,54
431,1113,19
431,808,15
431,1251,157
431,746,180
432,905,197
432,878,85
432,1252,160
433,1213,56
433,1158,179
433,830,118
433,579,125
434,691,51
434,970,78
434,443,9
435,1293,159
435,998,181
436,602,84
436,1042,2
436,1410,19
436,726,105
436,1433,189
437,645,64
437,979,7
438,759,18
438,1412,98
438,659,126
438,595,200
439,898,169
439,699,123
439,456,158
439,705,48
440,1342,77
440,860,80
441,484,200
441,1044,88
443,708,191
443,565,37
444,1291,125
444,481,3
444,1090,182
445,1244,57
445,1094,193
445,1148,186
446,864,186
446,1136,68
446,884,42
447,1228,173
448,1093,85
448,682,194
449,960,12
449,583,77
449,777,55
449,847,69
449,1334,52
450,740,23
450,1242,147
450,601,43
451,592,125
451,808,84
451,772,29
452,586,22
452,1024,1
452,692,69
452,1290,181
453,1079,10
453,1298,149
453,850,196
453,857,155
453,945,140
453,942,108
454,701,96
454,1106,184
454,476,122
455,686,128
455,769,81
455,848,56
456,706,141
456,898,40
456,1450,83
456,1233,85
456,1076,196
456,734,199
456,667,21
456,463,20
458,1059,39
458,788,71
458,507,109
458,639,60
458,520,92
458,698,187
459,926,175
459,514,190
459,1434,50
459,719,48
459,1325,172
460,838,113
460,753,99
461,1188,57
461,1105,125
461,480,166
462,755,163
462,472,77
462,935,31
462,814,194
462,1271,126
462,1285,159
463,563,140
463,1288,135
463,807,84
463,1249,162
464,473,111
464,525,60
464,521,78
464,778,60
464,727,158
465,613,161
465,1121,28
465,1433,57
466,976,28
466,1270,162
466,736,47
467,936,42
467,1173,93
467,886,184
468,813,97
468,1197,200
468,1358,192
468,526,39
468,790,108
468,1097,168
469,1165,109
470,507,191
470,997,4
470,1333,198
470,686,153
470,789,112
471,530,182
471,1073,184
471,652,58
471,723,90
471,625,171
472,513,104
472,754,126
472,1304,40
472,990,86
473,1000,69
474,493,182
474,1302,137
474,654,109
474,1430,62
475,535,158
475,1227,36
475,792,23
475,816,131
475,1088,80
475,1463,168
475,549,33
475,1183,195
476,878,87
476,829,137
476,1390,81
477,1003,146
477,1175,36
477,1379,87
477,636,99
477,1362,192
478,1080,133
478,631,85
478,653,17
478,962,36
478,1093,64
479,1159,80
479,1435,55
479,954,141
479,1218,85
479,1322,85
480,945,54
480,854,181
480,1467,71
480,1013,63
482,764,83
482,692,72
482,949,144
483,685,57
483,562,138
484,496,163
484,718,1
484,1026,26
484,1299,149
484,872,155
484,605,161
484,1410,41
484,517,71
484,936,35
485,1497,91
485,569,63
485,1215,83
486,1264,117
486,957,131
486,1168,63
486,684,166
486,659,16
487,1188,25
487,1170,26
487,849,108
487,632,106
488,1048,66
488,1269,138
488,841,162
489,625,14
489,1225,121
489,1390,104
490,996,100
490,1234,195
491,1418,173
492,910,197
492,1101,80
492,1471,35
492,1042,30
492,665,28
492,980,133
493,798,193
493,1054,94
493,541,149
493,656,163
494,1364,178
494,1218,65
494,1225,42
494,1445,7
494,836,49
495,1404,164
495,693,141
495,732,57
496,1037,11
496,992,40
497,922,101
497,875,178
497,691,148
498,816,133
498,1216,96
498,1228,70
498,874,137
498,617,126
498,522,50
498,831,144
499,815,130
499,1498,12
500,1274,164
500,569,96
500,539,33
501,546,187
501,726,74
501,552,151
501,1407,52
501,978,168
502,571,197
502,1139,39
502,1445,75
502,1227,185
502,1249,178
502,986,74
502,991,119
503,1452,102
503,813,45
503,967,40
503,588,19
504,1118,89
505,1029,119
505,1061,119
505,1292,91
506,664,96
506,844,3
506,886,112
506,670,64
506,745,27
507,815,42
508,603,1
508,1371,187
508,1499,4
508,1294,30
508,606,159
508,1080,114
509,1051,97
509,1327,158
509,938,145
509,1299,2
510,620,156
510,1469,99
511,1037,24
511,993,180
512,695,60
512,1057,115
513,1247,37
514,820,132
514,954,183
514,1030,184
514,817,180
514,611,44
515,1168,179
515,1042,43
515,708,32
515,1195,122
515,1160,105
515,744,96
515,945,158
516,983,14
516,682,15
517,582,174
517,880,74
517,1196,116
517,754,107
517,1029,94
517,566,148
518,1113,72
518,546,134
518,1106,166
518,1217,104
518,1485,5
521,1062,33
521,1106,4
521,540,126
521,859,11
521,1092,172
522,1372,13
523,1010,55
523,1045,147
523,1125,75
523,586,161
523,1362,33
524,656,102
524,1388,184
525,792,140
526,1265,46
526,641,170
526,1359,82
526,907,128
526,889,43
527,964,112
527,1163,10
527,631,23
528,1083,106
528,713,80
528,1197,69
528,961,61
528,1382,175
528,858,148
529,1412,83
529,535,18
529,1200,103
529,1480,130
530,1327,58
531,727,117
531,613,145
532,572,77
532,907,183
532,946,127
532,719,13
532,1437,186
532,586,166
533,757,99
533,847,72
533,1036,123
533,990,112
533,714,167
533,591,32
534,1206,18
534,549,163
534,671,111
534,1340,159
534,588,101
535,1063,120
535,806,173
535,1373,60
535,1484,153
535,887,152
536,1028,2
536,1260,124
538,1358,129
539,1305,138
539,757,181
539,852,187
540,844,141
540,903,28
541,762,49
541,1145,76
541,1188,198
542,1361,159
542,779,99
542,543,194
543,908,104
543,728,39
543,1193,20
544,1492,136
544,682,55
544,1182,101
544,952,3
544,944,194
545,1005,182
545,1436,7
545,591,147
545,1124,94
545,804,176
545,622,115
546,801,8
546,1059,4
547,1446,167
548,795,116
548,1191,155
548,1278,90
548,1249,129
548,776,156
548,850,196
549,1038,173
549,1356,121
550,1036,3
550,1243,191
550,1104,65
550,1417,5
550,651,188
550,704,99
550,996,181
551,689,172
551,909,2
551,612,76
551,919,68
551,1352,62
551,677,113
552,1029,130
552,1446,89
552,1375,102
553,1323,67
553,1170,114
553,682,93
553,1057,10
554,644,86
554,1457,26
555,915,8
555,581,188
555,911,40
555,1071,39
555,1061,170
556,1418,147
556,560,161
556,751,142
557,1246,62
557,1441,150
557,1283,161
558,878,167
558,1158,19
558,970,40
559,719,119
559,579,124
559,1357,108
559,1260,49
559,1455,125
560,1239,64
561,925,186
561,590,137
561,667,132
561,1329,191
561,611,69
562,1217,92
563,616,108
564,1453,94
564,813,88
564,696,63
565,762,100
567,1322,95
567,930,101
567,721,175
568,1430,59
568,870,118
569,817,188
569,703,99
569,923,97
570,882,198
570,1382,23
570,930,46
570,1234,67
571,662,104
572,1497,138
572,1307,115
572,617,41
573,1023,39
573,687,166
573,789,25
573,996,142
573,1006,123
574,648,40
574,1385,130
574,1470,67
574,625,92
574,1180,48
575,1125,181
575,872,56
575,1367,105
575,700,146
575,993,19
575,656,170
575,1397,144
575,1028,177
575,1122,46
576,1471,155
576,966,181
577,637,125
577,705,66
577,630,110
577,1253,72
577,1482,98
577,743,82
577,723,14
578,1041,152
578,1054,124
578,1009,107
579,632,40
579,1168,113
579,1491,58
580,1229,143
580,1070,95
580,621,20
580,1424,188
581,1110,112
581,744,181
581,1217,61
582,612,194
583,1211,58
583,1033,39
583,1415,8
584,1435,186
584,1299,15
585,644,199
585,830,50
585,1077,195
585,1167,18
585,1283,190
585,1447,200
585,811,127
585,1095,99
586,1337,121
586,975,172
586,1470,24
586,1378,161
587,653,7
587,1114,149
587,890,196
588,963,159
588,1431,192
588,629,65
588,1267,62
588,659,158
589,1027,140
590,750,143
590,1105,190
590,1474,137
591,957,118
591,931,172
591,1007,45
592,1126,110
592,894,194
593,1260,3
593,1327,115
593,920,163
593,1218,188
593,1094,131
593,1300,20
593,1120,88
594,764,163
595,1410,141
596,1096,57
596,702,74
596,1474,59
596,667,13
597,852,150
597,1154,183
598,1341,101
598,1181,38
599,1022,115
599,947,110
600,1484,37
600,1467,78
601,1050,70
601,1269,83
602,843,88
602,1485,21
602,689,158
603,1054,2
604,1473,59
604,612,38
604,1468,167
605,895,46
605,908,20
605,832,19
606,630,95
606,1444,8
607,773,78
607,1011,83
607,1013,176
608,803,1
608,1285,91
609,713,72
610,1142,54
610,1357,123
610,979,145
611,670,62
612,1421,140
612,1355,36
612,1481,174
612,620,2
612,858,1
613,830,9
613,689,122
613,1474,119
613,824,77
614,745,137
615,1004,14
615,1089,139
615,1307,133
615,768,155
615,977,157
615,943,176
615,1341,139
615,946,59
616,1481,148
616,1485,195
617,661,41
617,1377,5
617,1300,116
617,758,85
618,1233,168
618,647,46
619,1109,96
619,984,77
619,852,172
620,1043,89
620,643,68
621,1038,116
621,1491,17
621,1308,102
621,1013,167
621,751,65
622,916,7
622,875,89
622,746,170
622,1065,168
623,1358,108
623,1475,67
623,628,95
623,1239,186
623,1292,190
623,765,1
623,1089,37
624,1376,65
624,686,50
626,877,44
627,987,199
628,1149,14
628,1378,12
628,718,29
628,796,116
629,1494,15
630,1460,48
630,733,168
630,1017,84
630,1312,193
631,1498,84
631,1071,71
632,1260,108
632,1161,123
633,1434,28
633,851,167
634,1319,7
634,1363,159
634,662,193
634,1251,131
634,866,81
635,704,98
635,768,76
635,1238,168
635,948,190
635,1391,7
636,1255,8
636,1149,24
636,1360,48
637,669,53
638,1453,155
638,1009,138
638,1177,69
639,940,122
639,796,170
640,652,37
640,739,6
640,1155,193
641,728,82
641,708,134
641,820,186
641,957,126
642,1367,74
642,968,105
642,752,118
642,1438,6
642,1327,107
642,838,118
642,922,195
642,760,14
642,1432,42
643,699,32
643,1222,89
643,1324,15
646,1008,121
646,1264,71
646,647,120
647,1494,60
647,1264,160
647,1307,65
648,670,11
648,1092,156
648,1124,180
649,1282,131
649,992,54
649,705,43
650,938,98
650,1469,162
651,942,104
651,858,132
651,1385,168
652,692,177
652,753,164
652,1330,173
652,966,190
652,920,23
653,850,36
653,1251,194
654,678,99
654,792,46
654,1236,67
655,760,38
655,1359,97
655,658,131
655,1400,99
655,817,81
655,1008,162
655,851,91
655,943,77
656,1232,169
656,743,23
656,1196,5
657,1181,131
657,977,5
657,671,129
658,913,29
658,1340,40
659,1141,43
659,1210,140
660,1291,26
660,956,134
661,866,4
661,694,179
661,1245,157
661,929,168
661,669,82
662,988,198
662,772,95
662,822,126
663,1203,162
663,1427,106
663,1446,173
665,1146,94
666,828,128
666,1258,197
667,1305,184
667,1074,177
667,680,28
667,703,9
667,730,145
668,922,25
669,1187,76
669,1398,140
669,1361,120
670,1077,146
670,939,157
671,1152,105
672,1253,2
672,1401,51
672,871,74
672,980,18
673,1464,162
673,1210,129
673,1328,2
673,762,123
673,1082,137
673,1049,109
674,778,168
675,1287,175
675,1158,48
675,1061,73
676,1221,125
676,1237,145
676,1484,125
676,1490,129
677,1404,185
677,1123,138
678,1184,96
678,1073,161
679,980,158
679,1406,4
680,1046,144
680,1386,57
680,1209,164
680,842,110
681,770,155
681,1461,124
681,1330,131
682,876,175
683,758,15
683,1378,152
683,978,194
683,1199,44
683,1121,70
684,1187,81
684,1222,57
684,1267,170
685,1118,84
687,871,7
687,1023,150
687,888,59
688,951,163
688,708,100
689,794,122
690,1315,3
690,1173,102
691,935,37
691,1121,38
692,1288,112
692,1075,171
692,1134,197
693,809,190
693,773,77
694,1347,104
694,1482,148
695,915,125
695,955,29
696,761,13
696,1153,15
696,1092,52
696,1065,130
696,1283,85
696,1210,117
696,920,142
697,839,191
697,792,199
698,796,188
698,1074,181
698,1117,50
698,1144,50
698,1401,8
698,854,196
698,914,190
698,1197,18
698,818,76
699,1037,198
700,731,68
701,1248,16
701,721,45
702,1085,157
702,931,81
703,1429,36
703,950,164
704,1384,89
704,1466,23
704,932,179
705,1455,33
705,1145,124
706,1397,55
707,1118,143
707,1174,190
707,1061,188
708,874,17
709,1456,6
709,782,67
709,1472,9
709,1218,4
709,1199,120
709,1053,11
710,1134,72
710,849,114
711,986,161
711,1128,65
711,1292,45
711,1009,111
711,939,133
712,1368,169
712,1168,198
713,855,193
713,1019,87
713,1280,195
714,1043,38
714,763,97
714,880,94
715,982,152
715,1486,42
715,1331,177
715,736,146
716,885,15
716,883,18
716,1022,127
716,977,179
716,1372,52
716,855,101
716,829,132
716,988,126
717,1034,133
717,958,192
717,894,106
717,1451,154
717,1111,120
717,750,48
719,874,132
720,932,70
720,760,49
720,1336,55
721,1111,41
721,1093,89
721,1241,5
721,1276,134
721,1315,196
722,1332,179
723,844,52
723,860,62
723,1280,117
723,980,42
724,745,153
724,1050,68
724,1007,110
725,1184,152
726,1112,184
726,1496,125
727,739,189
727,1395,165
728,879,136
728,1316,169
729,984,114
729,972,162
729,1305,39
730,1452,137
730,931,168
730,946,88
731,1454,70
731,1185,192
732,1369,66
732,1296,135
732,938,145
732,1497,142
732,1228,131
733,1456,159
733,1459,99
733,1183,7
734,805,4
734,738,10
734,876,6
735,977,88
735,831,167
735,1457,8
735,1255,30
735,1312,44
736,1362,55
736,1463,145
736,812,64
736,1159,89
737,1223,134
737,1003,112
737,828,154
737,1241,136
738,1018,7
738,1482,136
738,1274,144
739,792,59
739,1048,174
739,767,82
739,856,24
739,1335,138
741,1326,41
742,746,102
742,921,54
743,1279,76
744,973,55
744,1005,115
745,1375,164
745,1240,99
745,876,90
745,891,12
746,1088,125
746,1370,171
747,832,164
747,997,101
747,1329,148
748,1468,144
748,1371,137
750,1006,69
750,751,81
750,1265,58
750,955,81
751,1257,92
751,801,91
751,1311,179
751,1020,93
752,913,176
752,1272,199
752,951,81
753,1063,167
753,1184,1
754,852,4
755,1099,129
755,832,34
755,1001,26
755,1263,60
755,874,17
755,901,148
756,1371,145
756,777,92
756,1115,48
757,1472,160
758,921,44
758,1094,188
758,1446,56
758,1124,9
759,1480,37
760,1218,124
761,1048,175
761,819,114
763,1075,122
763,1417,94
764,798,109
764,1067,64
764,1017,85
765,1216,82
765,1238,50
766,1353,16
766,1396,139
766,820,135
767,1427,182
767,820,9
768,1466,169
768,870,131
769,785,52
769,1227,120
770,1322,155
771,1348,189
771,1258,68
771,1403,154
772,1030,13
772,1239,72
772,1119,150
773,1075,129
773,1105,81
773,1377,145
775,1415,149
775,937,179
776,1395,95
776,1356,144
777,1005,182
777,1444,180
778,1087,131
778,1041,197
778,1451,6
778,986,168
779,1276,99
779,984,43
779,1006,198
779,1149,114
779,1263,174
780,1430,8
780,881,1
780,1080,53
780,929,114
781,1055,168
781,839,57
781,1095,152
781,1013,170
782,1012,98
782,1479,184
782,1426,1
783,812,160
784,1373,41
784,1398,199
784,893,85
784,942,88
784,1463,4
784,1013,109
785,1099,30
785,1210,179
785,1296,179
786,1163,35
786,1417,136
786,1190,136
786,1400,103
787,856,38
787,790,103
787,1413,146
787,1308,5
788,1386,99
789,1348,183
789,1032,163
790,1279,199
791,1483,191
791,1281,177
791,859,119
791,1297,171
792,1357,51
792,1120,67
792,1049,131
793,1215,146
793,915,196
793,897,194
794,1181,8
794,1081,127
796,921,66
796,1293,160
796,950,156
797,1405,141
797,1497,183
797,1264,89
798,1280,192
798,962,134
799,1178,158
799,1397,63
799,1290,86
800,1007,105
800,1209,83
802,1449,23
803,1326,156
803,1394,108
803,1060,20
804,1338,197
806,1333,179
806,1369,186
806,1434,38
807,906,154
808,1225,174
808,862,64
809,1337,45
809,1155,55
809,1149,152
809,968,27
809,940,131
811,1424,189
812,1226,151
813,1436,49
813,1488,6
813,918,6
814,1209,164
814,816,96
815,1180,92
815,1392,155
816,823,17
816,1436,26
816,817,119
817,1490,154
818,1018,63
819,878,32
819,1287,167
820,924,50
821,958,119
821,1053,126
821,1482,100
821,1363,140
821,984,47
822,1202,4
822,947,73
822,971,164
822,1158,102
823,965,105
823,913,27
824,1465,143
824,1301,120
825,850,96
825,1078,25
825,1446,16
826,851,62
826,1109,192
827,1428,41
827,839,122
828,1062,118
829,1099,93
829,1428,74
830,1133,105
831,1462,171
831,1095,14
832,1158,35
832,1409,116
832,1063,184
833,1025,138
833,950,4
835,857,159
835,1140,200
835,898,172
836,1494,165
836,1396,89
837,1117,32
837,1161,2
838,1037,177
838,1148,73
838,912,89
838,1461,12
839,1090,49
839,1409,108
839,1021,130
840,1099,185
840,936,184
841,1419,156
842,1303,50
843,1258,121
843,1331,175
844,1086,110
844,1375,188
844,1205,124
845,1194,95
845,1383,89
845,1012,127
845,1025,134
846,854,151
846,1202,163
848,1123,52
848,957,87
848,1018,32
849,856,116
849,1415,189
849,1402,40
850,943,92
850,1302,174
851,1065,70
851,1148,114
852,1185,165
853,1133,78
853,1303,63
853,1490,32
855,1424,85
856,944,101
857,1247,187
857,1030,21
857,1220,89
857,1434,85
857,1095,167
857,1439,95
858,1287,114
859,1045,68
859,1435,161
859,1281,64
860,1205,26
860,1260,124
860,925,56
861,1436,86
861,1346,99
861,1345,59
861,1172,180
861,1122,73
861,1032,142
862,878,129
862,873,146
863,919,169
863,1198,156
865,903,136
865,1091,76
866,1054,86
866,1328,173
867,1394,58
867,919,161
867,1026,87
868,1315,54
868,1266,102
868,1472,146
869,928,195
869,1443,63
869,1461,166
869,1297,9
869,950,114
870,1414,7
871,1263,193
871,1313,128
872,1262,123
872,941,141
872,1373,64
873,1112,95
874,1495,99
874,1471,3
875,1055,129
875,1197,141
876,1490,160
877,1109,151
877,1018,153
877,1169,51
878,965,32
879,1376,199
879,1025,53
879,1272,70
880,1142,16
880,1022,13
881,1492,70
881,1053,38
882,1131,127
883,1140,34
883,1049,28
883,1106,44
883,1071,34
884,892,143
884,1377,173
885,902,52
886,989,184
886,1263,164
887,1068,75
887,909,35
888,1313,28
888,1449,134
889,1007,145
889,1373,189
890,905,156
890,931,153
890,1452,146
890,1286,141
890,1357,137
891,1338,89
891,979,93
892,1253,97
892,1472,5
892,1376,147
893,1197,40
893,1107,187
894,1139,62
894,1440,131
894,1122,190
896,1031,84
896,1211,173
896,1347,138
898,1089,41
899,1167,36
899,1001,55
900,912,37
900,1350,77
901,929,42
901,1401,106
902,1390,118
903,1479,18
904,912,143
904,1135,153
905,1010,133
906,1182,165
907,1219,174
907,1039,93
909,1168,196
910,1365,138
911,923,154
911,1139,146
911,1229,19
913,1428,117
913,1440,82
914,1197,93
915,930,134
915,1470,22
916,992,125
917,938,142
917,1314,146
917,1284,190
919,1125,83
919,1222,9
920,980,127
922,1401,69
923,1070,147
923,1024,25
924,933,24
924,1172,157
924,1043,75
924,1212,198
926,1347,7
926,1130,108
927,1316,146
927,1214,126
928,998,92
929,1237,120
930,1005,45
930,1132,163
931,984,63
932,1149,185
932,1307,174
933,985,2
934,983,67
936,1400,179
936,1136,131
937,1193,61
937,1219,28
939,1490,121
940,1132,38
940,1261,97
940,1250,5
940,1001,63
941,1352,54
941,1351,56
942,1135,197
942,1479,95
943,1314,198
943,1105,104
943,1200,52
943,1238,191
943,1432,44
944,1128,68
944,1405,69
945,1099,8
945,1045,191
945,1244,189
946,1104,20
948,949,46
949,1143,66
951,1272,52
951,965,72
951,1132,96
952,1039,10
952,1142,113
952,1439,53
955,1494,30
955,1324,26
956,1281,87
957,1171,84
957,1087,128
957,1147,137
959,1159,50
960,1110,96
960,1320,149
961,1086,194
961,1165,49
962,1164,123
962,1443,119
962,1296,158
963,1008,9
963,1049,8
964,1252,90
965,1337,114
967,1386,136
968,1361,50
968,1047,176
968,1384,103
969,1006,143
969,1406,16
970,1298,7
971,1428,15
971,1039,100
972,1310,60
972,1485,120
973,1020,117
974,1280,88
975,1222,131
975,1027,46
976,1389,156
976,1013,29
977,1186,3
977,1493,158
977,1205,41
978,983,165
978,1239,179
978,1473,166
978,1324,129
979,1425,152
979,1181,31
980,1016,120
980,1300,151
981,1049,188
981,1230,166
982,1314,63
982,1369,5
983,1407,61
984,1393,174
984,1409,132
985,1039,94
986,1022,74
987,1198,4
987,1115,114
987,1278,109
988,1074,72
988,1123,67
988,1191,41
989,1449,17
989,1038,90
990,1455,124
991,1133,49
992,1231,77
994,1440,182
994,1099,34
994,1264,94
996,1221,17
996,1039,180
997,1490,18
999,1337,156
999,1068,120
1000,1221,74
1000,1011,83
1000,1346,37
1002,1469,2
1003,1485,78
1004,1496,166
1004,1106,103
1005,1481,105
1006,1444,101
1006,1199,1
1007,1352,109
1008,1133,89
1009,1143,173
1009,1218,85
1009,1488,78
1009,1145,139
1011,1320,192
1012,1105,69
1012,1419,130
1013,1281,103
1014,1269,118
1014,1076,116
1014,1115,10
1015,1451,98
1015,1067,46
1015,1110,21
1015,1102,172
1016,1216,33
1017,1265,139
1018,1120,65
1018,1338,46
1019,1245,25
1019,1441,37
1020,1235,101
1020,1451,104
1021,1045,60
1021,1302,109
1024,1442,93
1024,1461,155
1024,1201,27
1025,1468,114
1026,1121,196
1028,1498,77
1028,1196,67
1030,1115,45
1031,1140,142
1032,1445,181
1033,1365,196
1033,1091,119
1034,1079,166
1034,1186,43
1034,1094,51
1034,1284,31
1035,1492,62
1037,1148,89
1037,1287,87
1038,1219,35
1039,1208,62
1039,1219,79
1040,1396,25
1040,1082,163
1041,1203,97
1041,1458,124
1044,1048,89
1045,1455,98
1046,1192,44
1047,1129,171
1047,1211,191
1049,1273,142
1049,1347,4
1049,1125,25
1050,1311,170
1050,1110,76
1050,1142,151
1051,1343,48
1051,1403,60
1051,1331,144
1052,1068,160
1053,1097,73
1054,1088,55
1054,1152,142
1054,1407,44
1055,1315,19
1055,1224,142
1057,1209,47
1058,1315,130
1058,1411,157
1059,1488,162
1059,1277,129
1060,1202,22
1060,1221,18
1061,1149,94
1062,1168,69
1062,1260,39
1063,1490,186
1064,1083,154
1065,1345,155
1067,1256,33
1067,1123,113
1068,1224,62
1068,1269,28
1069,1312,136
1071,1162,63
1071,1445,88
1072,1217,152
1072,1407,109
1073,1227,58
1074,1240,35
1075,1152,117
1075,1466,187
1076,1155,153
1076,1197,176
1077,1414,43
1077,1419,17
1077,1348,2
1078,1107,96
1078,1392,30
1078,1097,52
1079,1093,143
1081,1314,64
1081,1201,64
1081,1277,41
1083,1105,175
1085,1408,116
1086,1321,197
1086,1140,99
1087,1325,72
1087,1421,84
1089,1119,193
1089,1294,30
1089,1495,74
1090,1470,135
1090,1328,98
1091,1495,115
1091,1383,54
1092,1155,115
1093,1429,174
1094,1272,177
1094,1330,71
1094,1350,29
1096,1442,133
1097,1148,82
1100,1393,83
1103,1295,104
1103,1105,45
1104,1143,129
1105,1203,123
1105,1478,69
1105,1265,185
1106,1232,174
1107,1402,149
1108,1415,135
1108,1488,27
1109,1172,75
1109,1425,131
1109,1284,95
1109,1316,23
1111,1299,162
1111,1237,108
1112,1223,73
1114,1413,114
1114,1158,28
1114,1228,110
1115,1216,97
1115,1325,161
1115,1233,57
1118,1150,121
1118,1351,55
1118,1181,6
1119,1204,101
1119,1306,189
1119,1391,49
1119,1126,4
1122,1370,88
1123,1355,96
1124,1209,152
1124,1435,174
1124,1493,5
1125,1296,111
1126,1217,138
1126,1366,172
1126,1418,156
1127,1319,173
1128,1233,119
1128,1471,139
1129,1374,6
1129,1366,88
1130,1291,82
1130,1387,8
1130,1348,60
1131,1251,53
1131,1218,139
1131,1178,165
1132,1142,40
1133,1219,156
1133,1318,26
1134,1252,12
1134,1453,32
1136,1178,110
1137,1148,84
1137,1293,163
1137,1495,57
1138,1266,163
1138,1330,107
1138,1446,74
1140,1486,70
1141,1467,96
1146,1359,124
1146,1250,195
1146,1376,16
1147,1331,88
1147,1418,116
1147,1287,149
1149,1346,186
1149,1279,165
1151,1197,35
1152,1385,134
1154,1349,76
1154,1302,124
1155,1198,180
1155,1182,102
1156,1187,127
1156,1275,11
1157,1409,82
1160,1198,60
1161,1335,27
1161,1173,8
1162,1194,59
1163,1330,197
1164,1426,61
1164,1271,199
1164,1491,99
1165,1367,188
1166,1268,26
1168,1451,159
1168,1379,44
1169,1450,63
1169,1370,52
1170,1430,24
1171,1245,55
1174,1477,12
1174,1471,137
1175,1200,16
1175,1412,146
1176,1329,95
1176,1263,62
1176,1466,13
1177,1432,100
1178,1371,127
1179,1242,126
1180,1495,118
1180,1451,18
1182,1288,18
1185,1325,115
1185,1465,12
1187,1297,66
1187,1302,93
1189,1403,181
1189,1436,133
1189,1362,127
1189,1393,9
1191,1482,78
1191,1400,107
1193,1292,172
1194,1272,83
1195,1203,45
1196,1310,157
1197,1370,104
1197,1400,65
1198,1320,58
1199,1497,3
1201,1486,165
1204,1344,69
1204,1304,140
1206,1397,29
1208,1275,102
1210,1465,4
1210,1458,36
1212,1308,116
1214,1499,103
1215,1417,113
1215,1295,50
1216,1320,154
1217,1221,7
1217,1421,94
1217,1253,4
1217,1440,65
1218,1461,55
1218,1360,54
1218,1248,33
1220,1378,136
1221,1348,155
1223,1439,123
1226,1482,57
1227,1379,106
1227,1470,158
1230,1417,74
1235,1411,147
1236,1470,44
1236,1262,15
1237,1256,179
1239,1441,200
1244,1389,69
1246,1389,82
1248,1351,45
1249,1287,194
1249,1373,200
1249,1265,128
1254,1485,83
1254,1406,96
1255,1287,180
1255,1267,187
1255,1276,90
1256,1383,173
1256,1285,113
1257,1262,13
1259,1292,9
1259,1268,4
1260,1366,171
1261,1479,20
1263,1272,74
1263,1377,34
1265,1406,183
1265,1292,47
1268,1445,101
1271,1350,74
1275,1276,135
1275,1426,112
1276,1337,45
1281,1457,166
1281,1442,179
1283,1423,29
1285,1484,45
1285,1348,49
1286,1366,166
1288,1319,24
1290,1316,129
1291,1470,71
1292,1384,178
1293,1442,188
1299,1469,21
1300,1335,141
1300,1468,116
1302,1405,199
1302,1390,145
1302,1369,89
1303,1390,157
1305,1442,75
1305,1458,126
1311,1410,192
1311,1409,1
1312,1334,121
1313,1466,96
1313,1464,180
1314,1437,190
1317,1414,46
1317,1483,59
1318,1466,75
1323,1390,91
1324,1378,49
1325,1336,161
1326,1448,97
1327,1480,60
1329,1391,12
1329,1368,9
1330,1369,195
1331,1482,15
1332,1414,167
1332,1427,128
1334,1378,141
1334,1360,111
1334,1485,8
1335,1455,56
1335,1370,62
1336,1418,9
1340,1436,108
1342,1427,117
1344,1439,163
1344,1356,72
1344,1375,57
1344,1481,195
1344,1378,83
1346,1487,30
1348,1365,2
1350,1365,99
1354,1440,153
1354,1496,80
1355,1408,131
1357,1435,30
1360,1365,128
1362,1485,46
1364,1394,197
1366,1450,29
1368,1424,108
1369,1403,120
1374,1415,109
1374,1462,11
1377,1409,94
1378,1409,39
1380,1429,143
1380,1462,144
1381,1412,32
1385,1417,98
1385,1446,10
1386,1417,142
1386,1486,79
1387,1443,90
1387,1410,71
1391,1463,183
1394,1445,69
1395,1444,112
1396,1400,109
1397,1491,163
1410,1447,6
1416,1493,162
1417,1459,8
1419,1493,16
1420,1496,90
1424,1454,91
1427,1435,25
1429,1443,55
1432,1486,180
1434,1471,105
1434,1445,163
1438,1488,168
1440,1454,84
1444,1489,35
1448,1451,44
1454,1460,147
1471,1478,15
1484,1485,150
1489,1498,177
